Nombre,Precio,Estrellas,Nº Reseñas
Dúo Anti-imperfecciones y Limpieza Profunda,"31,98",0.00,0
Dúo Hidratación y Frescura,"33,98",0.00,0
Dúo Iluminador y Revitalizante,"32,98",0.00,0
Dúo Luminosidad y Relajación,"31,98",0.00,0
Crema antiedad lifting e hidratante,"29,00 €",5.00,3
Sérum lifting de ojos de noche,"35,00 €",5.00,4
Mascarilla restauradora para cabello teñido,"21,00 €",5.00,3
Loción corporal con calabaza y jazmín,"21,00",5.00,3
Contorno de ojos Moj Krem nr 10,"21,00 €",5.00,1
Pack cuidado integral del cabello – Método ACA (OMO),"72,00 €",5.00,3
Aceite corporal iluminador,"29,00 €",4.71,7
Aceite corporal superligero – neroli y mandarina,"29,00",0.00,0
Aceite de masaje «Love»,"25,00",0.00,0
Crema activadora de rizos y ondas,"19,00 €",4.83,6
Aceite desmaquillante y masaje facial,"29,00 €",5.00,2
Bruma de protección UV para el cabello,"19,00 €",5.00,1
Bruma Termoprotección para el cabello,"19,00 €",0.00,0
Espuma de fijación y volumen para rizos y ondas,"19,00 €",5.00,3
Crema Antioxidante con Péptidos SPF 50,"39,00 €",0.00,0
Crema de Día Antiarrugas – Tulipán Negro,"49,00 €",5.00,1
Crema de día para el contorno de ojos – Tulipán Negro,"39,00 €",0.00,0
Emulsión Desmaquillante Nutritiva – Tulipan Negro,"25,00 €",0.00,0
Sérum Intensivo Reductor de Arrugas – Tulipán Negro,"49,00 €",0.00,0
Crema de Noche Antiarrugas – Tulipán Negro,"49,00 €",5.00,1
Ácido Hialurónico 1%,"29,00 €",5.00,1
"Loción estimulante del cuero cabelludo, aceleradora del crecimiento del cabello","19,00 €",5.00,4
Crema hidratante nutritiva Moj Krem nr 6,"25,00 €",5.00,4
Perfume sólido vegano – Chimera,"39,00 €",0.00,0
Perfume sólido vegano – Aeternum,"39,00 €",0.00,0
Perfume sólido vegano – Tabú,"39,00 €",0.00,0
Acondicionador Co-Wash,"19,00 €",0.00,0
Acondicionador humectante,"19,00 €",5.00,1
Acondicionador humectante para toda porosidad,"19,00 €",0.00,0
Acondicionador proteico para toda porosidad,"19,00 €",5.00,3
Activador de rizos sin aclarado – Hair of the Day,"19,00 €",5.00,3
Agua micelar 3 en 1,"21,00 €",5.00,2
Bálsamo corporal súper hidratante,"15,00 €",5.00,3
Base maquillaje fijadora,"21,00",0.00,0
Base Maquillaje Iluminadora 01 Vainilla,"21,00",0.00,0
Base Maquillaje Iluminadora 02 Nude,"21,00",5.00,2
Base Maquillaje Iluminadora 03 Beige,"21,00",5.00,1
Base maquillaje protector solar SPF30,"25,00 €",5.00,1
Bolsa exfoliante para jabón,"3,00 €",5.00,1
Bruma activadora de rizos – Hair of the Day,"19,00 €",5.00,2
Bruma para dar volumen al cabello,"15,00 €",5.00,2
Champú – Doberman,"13,00 €",0.00,0
"Champú con extracto de Peonía y vitaminas C, E, B3, B5 y B6","15,00 €",0.00,0
Champú – Salvaje,"13,00 €",0.00,0
Champú en espuma para bebé,"11,00 €",0.00,0
Champú hidratante suave,"19,00 €",5.00,6
Champú micelar para cabello teñido,"19,00 €",5.00,2
Champú Universal con Enzimas,"19,00 €",5.00,2
Champú Universal Suave,"19,00 €",4.67,3
Colorete en polvo,"19,00 €",5.00,3
Crema Bronceadora Marine Shimmer,"33,00 €",5.00,1
Crema Bronceadora para Cara y Cuerpo,"35,00 €",4.56,172
Crema corporal densa – magnolia,"25,00 €",5.00,1
Crema corporal densa – Nomeolvides,"29,00",5.00,1
Crema corporal hidratante de coco,"15,00 €",5.00,3
Crema de día iluminadora adaptogénica,"23,00 €",5.00,2
Crema de manos súper-hidratante,"13,00 €",5.00,5
Crema de manos y pies,"23,00 €",5.00,3
Crema de noche microexfoliante adaptogénica,"23,00 €",5.00,1
Crema facial con 7 extractos rejuvenecedores,"35,00 €",5.00,2
Crema facial iluminadora – Limoncello,"33,00",0.00,0
Crema facial ultrahidratante,"33,00 €",0.00,0
Crema facial y corporal para bebé,"13,00 €",0.00,0
Crema ligera matizante – Kombucha,"19,00 €",5.00,1
Crema noche niacinamida 5%,"19,00 €",5.00,1
Crema nutritiva y regeneradora Moj Krem nr 1,"23,00 €",5.00,2
Te quiero mamá,"5,00 €",0.00,0
Crema piel cuperosa Moj Krem nr 2,"25,00 €",5.00,4
Crema-Mascarilla Regeneradora,"23,00 €",5.00,1
Crema-mascarilla Regeneradora para Ojos y Párpados,"37,00 €",5.00,6
Desmaquillante micelar delicado,"25,00",5.00,2
Disco desmaquillante reutilizable,"3,00 €",5.00,1
Disco desmaquillante reutilizable negro,"3,00 €",5.00,1
Dos discos desmaquillantes con bolsa,"5,00 €",5.00,1
Gel de Baño con Higo y Lavanda,"11,00 €",5.00,1
Espuma limpiadora facial – Kombucha,"15,00 €",5.00,2
Exfoliante corporal de almendra,"15,00 €",5.00,1
Exfoliante corporal de lavado – Cabra de Poznań,"25,00",0.00,0
Mousse limpiador facial de Piña,"15,99 €",0.00,0
Mousse limpiador facial de pomelo y té verde,"14,99 €",0.00,0
Mousse limpiador facial hidratante de Maracuyá,"14,99 €",0.00,0
Mousse limpiador facial relajante Praliné,"14,99 €",0.00,0
Mousse PRALINE de baño y depilatoria,"18,99 €",0.00,0
Sérum HYALURON – hidratante y antiarrugas,"18,99 €",0.00,0
Sérum MÍRAME – Activo antioxidante,"16,99 €",0.00,0
Sérum Stay Confident – CONTROL DEL ACNÉ,"16,99 €",0.00,0
Sérum VITAMIN BOMB – nutritivo y revitalizante,"16,99 €",0.00,0
Exfoliante del cuero cabelludo – Hair of the Day,"19,00 €",4.00,3
Exfoliante limpiador corporal – kiwi y uvas,"19,00 €",0.00,0
Exfoliante limpiador corporal – magnolia,"21,00 €",0.00,0
Gel crema hidratante intensiva,"23,00 €",5.00,3
Gel cuerpo y manos – cereza,"11,00 €",0.00,0
Gel cuerpo y manos – maracuyá,"11,00 €",0.00,0
Gel de baño – Kiwi y Uvas,"15,00",0.00,0
Gel de baño – Magnolia,"15,00 €",5.00,1
Gel de baño – Nomeolvides,"15,00 €",4.00,2
Gel de baño – Peonía,"15,00",0.00,0
Gel de ducha 8 en 1 – Cabra de Poznań,"15,00 €",0.00,0
Gel de ducha 8 en 1 – Doberman,"15,00 €",5.00,1
Gel de ducha 8 en 1 – Lince,"21,00 €",0.00,0
Gel de ducha infantil,"15,00",0.00,0
Dúo KISSED BY THE SUN,"62,00",5.00,7
Dúo LIMPIEZA PROFUNDA cabello rizado,"54,00",0.00,0
Gel fijador para ondas y rizos – Hair of the Day,"19,00 €",5.00,2
Pack definición de rizos,"57,00",4.00,1
Pack PINK Alivio y Regeneración de Piel Sensible,"67,00",5.00,1
Pack rizos perfectos,"57,00",4.75,4
Gel fuerte para cabello rizado,"15,00 €",5.00,3
Jabón de glicerina – Doberman,"11,00 €",0.00,0
Jabón de glicerina – Salvaje,"11,00 €",0.00,0
Jabón hecho sin agua – Limón y Menta,"29,00",5.00,1
Jabón hecho sin agua – Piel sensible,"29,00",0.00,0
Jabón hecho sin agua «Love»,"29,00",0.00,0
Jabón sólido limpiador facial,"11,00 €",5.00,2
Leche desmaquillante suave 2 en 1,"15,00 €",0.00,0
Mascarilla capilar baja porosidad,"19,00 €",5.00,1
Mascarilla capilar porosidad media,"19,00 €",5.00,1
Mascarilla Emoliente – Alta Porosidad,"19,00 €",3.00,1
Mascarilla Emoliente – Porosidad Media,"19,00 €",5.00,1
Moldeador de proteínas para cabello rizado,"19,00 €",5.00,3
Mousse corporal adelgazante y reafirmante,"59,00 €",5.00,3
Mousse lavado facial – Kiwi y uvas,"15,00",0.00,0
Mousse lavado facial exfoliante,"13,00 €",5.00,2
Mousse lavado facial Magnolia,"15,00 €",5.00,2
Mousse lavado facial Nomeolvides,"15,00",5.00,2
Mousse lavado facial Peonía,"15,00",0.00,0
Mousse para lavado de manos – Amarillo,"9,00 €",0.00,0
Mousse para lavado de manos – Azul,"9,00 €",0.00,0
Mousse para lavado de manos – Rosa,"9,00 €",0.00,0
Muselina azul,"3,00 €",5.00,1
Muselina rosa,"3,00 €",0.00,0
Pack Hidratante para el Cuidado Integral del Cabello,"57,00",0.00,0
Pack Recuperador Instantáneo del Cabello – Hair of the Day,"57,00",0.00,0
Pack de Cuidado Facial y Corporal «Magnolia»,"76,00",5.00,1
Pack regalo femenino «Nomeolvides»,"59,00",5.00,1
Perfume sólido vegano – Enigma,"39,00 €",5.00,1
Perfume sólido vegano – Stellum,"39,00 €",0.00,0
Sérum bifásico reafirmante antiarrugas,"35,00 €",5.00,4
Sérum calmante cuero cabelludo,"35,00 €",5.00,1
Spray desodorante 100% natural,"25,00 €",5.00,5
Spray reactivador de rizos y ondas,"19,00 €",5.00,4
Tónico contra imperfecciones – Kombucha,"13,00 €",5.00,2
Tónico iluminador adaptogénico,"19,00 €",0.00,0
Vela de soja perfumada – Charming plum,"33,00 €",5.00,1
Vela de soja perfumada – Citrus grove,"33,00 €",5.00,1
Vela de soja perfumada – Fairy breeze,"33,00 €",0.00,0
Vela de soja perfumada – I love you mama,"33,00 €",0.00,0
Vela de soja perfumada – Jasmine gardenia,"33,00 €",5.00,1
Vela de soja perfumada – Musk,"33,00 €",0.00,0
Vela de soja perfumada – Orange happiness,"33,00 €",0.00,0
Vela de soja perfumada – Spring Prince,"33,00 €",0.00,0
Vela de soja perfumada – Summer Reisefieber,"35,00 €",5.00,1
Vela de soja perfumada – Tropical relief,"33,00 €",0.00,0
